name,ra,dec,vmag
HIP 72370,221.9655257,-79.04471242, 3.83
HIP 81065,248.3644341,-78.89695917, 3.86
HIP 107089,325.368638,-77.38946215, 3.73
HIP 2021,6.41334183,-77.25503511, 2.82
HIP 17678,56.80929799,-74.23924251, 3.26
HIP 50954,156.0989187,-74.03154474, 3.99
HIP 98495,300.1474723,-72.91018443, 3.97
HIP 37504,115.4549835,-72.60613528, 3.93
HIP 61199,188.117129,-72.1329759, 3.84
HIP 63613,195.5657397,-71.54879865, 3.61
HIP 34481,107.1867688,-70.49919435, 3.78
HIP 50099,153.4344955,-70.03792169, 3.29
HIP 45238,138.3010033,-69.71747245, 1.67
HIP 61585,189.2961821,-69.13553358, 2.69
HIP 82273,252.1661074,-69.02763503, 1.91
HIP 74946,229.7278701,-68.67946723, 2.87
HIP 62322,191.5702901,-68.10809405, 3.04
HIP 35228,109.2076284,-67.95717248, 3.97
HIP 57363,176.4023639,-66.72884344, 3.63
HIP 102395,311.2398153,-66.20323826, 3.42
HIP 99240,302.1744171,-66.17932101, 3.55
HIP 41312,126.4343594,-66.13652042, 3.77
HIP 48002,146.7755734,-65.07201888, 2.92
HIP 71908,220.6278543,-64.97456957, 3.18
HIP 17440,56.04814541,-64.80709398, 3.84
HIP 86929,266.4333435,-64.7237345, 3.61
HIP 52419,160.739278,-64.39447937, 2.74
HIP 79664,243.8594423,-63.68564897, 3.86
HIP 77952,238.7867001,-63.42974973, 2.83
HIP 60718,186.6497559,-63.09905586, 0.77
HIP 56561,173.9455345,-63.01982488, 3.11
HIP 47854,146.3117815,-62.50792328, 3.69
HIP 26069,83.40631813,-62.48985585, 3.76
HIP 19780,63.60596306,-62.47397888, 3.33
HIP 45101,137.8198661,-62.31701587, 3.96
HIP 32607,102.0480713,-61.94197988, 3.24
HIP 51576,158.0061825,-61.68536031, 3.30
HIP 9236,29.69113269,-61.56992444, 2.86
HIP 50371,154.2708554,-61.33231977, 3.39
HIP 71681,219.9141283,-60.83947139, 1.35
HIP 71683,219.9204103,-60.83514707,-0.01
HIP 85727,262.774904,-60.68360667, 3.60
HIP 43783,133.7619236,-60.64471195, 3.84
HIP 60260,185.3408804,-60.40136988, 3.59
HIP 68702,210.956019,-60.3729784, 0.61
HIP 110130,334.6257426,-60.25949486, 2.87
HIP 62434,191.9304954,-59.68873246, 1.25
HIP 41037,125.628603,-59.50953829, 1.86
HIP 45556,139.2726183,-59.27526115, 2.21
HIP 82363,252.4462976,-59.04131648, 3.77
HIP 54463,167.1474818,-58.97504198, 3.93
HIP 45080,137.7421054,-58.96693014, 3.43
HIP 53253,163.3731926,-58.85326474, 3.78
HIP 59747,183.7864873,-58.74890179, 2.79
HIP 51232,156.9697711,-58.73940856, 3.81
HIP 103227,313.7024151,-58.4540947, 3.67
HIP 114996,349.3575502,-58.23592762, 3.99
HIP 7588,24.42813204,-57.23666007, 0.45
HIP 61084,187.791372,-57.11256922, 1.59
HIP 46701,142.8056407,-57.0343916, 3.16
HIP 100751,306.4118735,-56.73488071, 1.94
HIP 85267,261.3485827,-56.37768824, 3.31
HIP 83081,254.6551282,-55.99005508, 3.12
HIP 85258,261.3249883,-55.52982397, 2.84
HIP 5348,17.0960837,-55.24583235, 3.94
HIP 21281,68.49882684,-55.04500559, 3.30
HIP 45941,140.5284551,-55.01069531, 2.47
HIP 42913,131.1758221,-54.70856797, 1.93
HIP 48774,149.2156452,-54.5677973, 3.52
HIP 55425,170.2518427,-54.49101395, 3.90
HIP 66657,204.9719696,-53.46636269, 2.29
HIP 38827,119.1947573,-52.98240062, 3.46
HIP 42536,130.0733717,-52.92197259, 3.60
HIP 30438,95.98787763,-52.69571799,-0.62
HIP 59449,182.9131309,-52.36841559, 3.97
HIP 74395,228.0716798,-52.09907465, 3.41
HIP 9007,28.98680207,-51.60958673, 3.69
HIP 10602,34.12708452,-51.51211145, 3.56
HIP 112623,342.1383214,-51.31670354, 3.49
HIP 27321,86.82118054,-51.06671329, 3.85
HIP 59196,182.0897651,-50.72240999, 2.58
HIP 32768,102.4839035,-50.61439973, 2.94
HIP 60823,187.0100483,-50.2306048, 3.91
HIP 88714,271.6578283,-50.09145462, 3.65
HIP 85792,262.9605066,-49.87598159, 2.84
HIP 52727,161.6921754,-49.42012517, 2.69
HIP 7083,22.81242306,-49.07307701, 3.93
HIP 61932,190.3800208,-48.95988553, 2.20
HIP 74376,227.9840043,-48.73770212, 3.88
HIP 61622,189.4263659,-48.54128816, 3.85
HIP 51986,159.3260698,-48.22561631, 3.84
HIP 71860,220.482391,-47.38814127, 2.30
HIP 39953,122.3831473,-47.33661177, 1.75
HIP 101772,309.3916237,-47.29166239, 3.11
HIP 68002,208.8851454,-47.28826634, 2.55
HIP 44511,136.0388356,-47.09771376, 3.75
HIP 73807,226.279607,-47.05119386, 3.91
HIP 109268,332.0578184,-46.96061593, 1.73
HIP 112122,340.6663953,-46.88456594, 2.07
HIP 5165,16.52127713,-46.71849042, 3.32
HIP 42570,130.1565637,-46.64875492, 3.77
HIP 69996,214.8509697,-46.05808391, 3.55
HIP 43023,131.5068946,-46.0415392, 3.87
HIP 90422,276.7434595,-45.96832919, 3.49
HIP 765,2.35224949,-45.74698836, 3.88
HIP 114421,347.5892831,-45.24664747, 3.88
HIP 68282,209.6698807,-44.8035314, 3.87
HIP 75264,230.6703647,-44.68957314, 3.37
HIP 95241,290.6595272,-44.45891013, 3.96
HIP 2072,6.55048418,-43.67990933, 3.93
HIP 110997,337.3173087,-43.49555433, 3.97
HIP 44816,136.9990713,-43.43262406, 2.23
HIP 6867,22.0914236,-43.31772906, 3.41
HIP 36377,112.3078263,-43.30189129, 3.25
HIP 84143,258.038233,-43.23849039, 3.32
HIP 31685,99.44029869,-43.19592394, 3.17
HIP 73273,224.6331419,-43.13386699, 2.68
HIP 86228,264.3296907,-42.99782155, 1.86
HIP 28328,89.78662719,-42.81510761, 3.96
HIP 67472,207.4041993,-42.47368506, 3.47
HIP 82729,253.6462716,-42.36075916, 3.62
HIP 2081,6.57028075,-42.30512197, 2.40
HIP 19747,63.5003388,-42.29387294, 3.85
HIP 71352,218.8768816,-42.15774562, 2.33
HIP 50191,153.684474,-42.12206281, 3.85
HIP 73334,224.7904125,-42.10414199, 3.13
HIP 68245,209.5678528,-42.10070526, 3.83
HIP 67464,207.3762392,-41.68765971, 3.41
HIP 76297,233.7852516,-41.16669497, 2.80
HIP 75141,230.3430683,-40.64745946, 3.22
HIP 95347,290.9714641,-40.61564629, 3.96
HIP 38414,118.0543562,-40.57579889, 3.71
HIP 46651,142.6754706,-40.46688763, 3.60
HIP 13847,44.5654818,-40.30473491, 2.88
HIP 87073,266.8961714,-40.12698197, 2.99
HIP 39429,120.8961256,-40.00318846, 2.21
HIP 65936,202.7611186,-39.40727983, 3.90
HIP 86670,265.6219991,-39.02992092, 2.39
HIP 78384,240.0305854,-38.39664079, 3.42
HIP 82514,252.967662,-38.04732717, 3.00
HIP 82545,253.083973,-38.01747781, 3.56
HIP 37819,116.3137663,-37.96859848, 3.62
HIP 108085,328.481892,-37.3648229, 3.00
HIP 85696,262.690995,-37.29574016, 2.70
HIP 85927,263.4021937,-37.10374835, 1.62
HIP 35264,109.285684,-37.09748689, 2.71
HIP 87261,267.4643802,-37.04337105, 3.19
HIP 89642,274.4072049,-36.76128103, 3.10
HIP 65109,200.1502732,-36.71208109, 2.75
HIP 68933,211.6721861,-36.36869575, 2.06
HIP 75177,230.4518186,-36.26116729, 3.57
HIP 27628,87.7398034,-35.76929225, 3.12
HIP 25859,82.8030645,-35.47043592, 3.86
HIP 42515,130.0255689,-35.30830091, 3.97
HIP 90185,276.0431097,-34.3843146, 1.79
HIP 82396,252.5426874,-34.29260982, 2.29
HIP 26634,84.91224975,-34.07404941, 2.65
HIP 20535,66.00902233,-34.01698632, 3.97
HIP 20042,64.47341068,-33.79833145, 3.55
HIP 77634,237.7397573,-33.62710488, 3.97
HIP 30277,95.52852147,-33.43627251, 3.85
HIP 42828,130.8981145,-33.18641133, 3.68
HIP 32759,102.4602729,-32.50848752, 3.50
HIP 56343,173.2510794,-31.85752405, 3.54
HIP 21393,68.88779874,-30.56231049, 3.81
HIP 88635,271.4521859,-30.42365007, 2.98
HIP 30122,95.07827982,-30.06337656, 3.02
HIP 93506,285.6530143,-29.88011429, 2.60
HIP 89931,275.2484234,-29.82803914, 2.72
HIP 76600,234.6641015,-29.77768935, 3.66
HIP 113368,344.4117732,-29.62183701, 1.17
HIP 35904,111.023771,-29.30311979, 2.45
HIP 78104,239.2211944,-29.21401221, 3.87
HIP 14879,48.01783332,-28.98910623, 3.80
HIP 33579,104.6564445,-28.97208931, 1.50
HIP 37677,115.9519672,-28.9548352, 3.94
HIP 81266,248.9706642,-28.21596156, 2.82
HIP 76470,234.2560775,-28.13507099, 3.60
HIP 33856,105.4297988,-27.93484165, 3.49
HIP 93864,286.7351763,-27.66981416, 3.32
HIP 92041,281.4139708,-26.9907794, 3.17
HIP 37229,114.7078387,-26.8038924, 3.80
HIP 68895,211.5927873,-26.68201883, 3.25
HIP 80763,247.351948,-26.43194608, 1.06
HIP 34444,107.0978585,-26.39320776, 1.83
HIP 92855,283.8163196,-26.29659428, 2.05
HIP 78265,239.7130028,-26.1140428, 2.89
HIP 80112,245.2971772,-25.59275259, 2.90
HIP 90496,276.9927896,-25.42124732, 2.82
HIP 73714,226.0177579,-25.28185602, 3.25
HIP 84970,260.5024337,-24.99948797, 3.27
HIP 38170,117.3235781,-24.85978401, 3.34
HIP 39757,121.886259,-24.30443677, 2.83
HIP 33152,103.5331452,-24.18422296, 3.89
HIP 33977,105.7561399,-23.83330131, 3.02
HIP 61359,188.5968086,-23.39662306, 2.65
HIP 64962,199.7302224,-23.17141246, 2.99
HIP 78401,240.0833823,-22.62162024, 2.29
HIP 59316,182.5313577,-22.61979211, 3.02
HIP 27072,86.11656241,-22.44748663, 3.59
HIP 105881,321.6667821,-22.41137838, 3.77
HIP 23685,76.36521705,-22.37085673, 3.19
HIP 15474,49.87904033,-21.7579421, 3.70
HIP 93683,286.1705577,-21.74135451, 3.76
HIP 114341,347.3615088,-21.17248555, 3.68
HIP 93085,284.4324156,-21.10662433, 3.52
HIP 9347,30.0009367,-21.07777193, 3.99
HIP 89341,273.4408696,-21.05883031, 3.84
HIP 94141,287.440974,-21.02352534, 2.88
HIP 27654,87.82980343,-20.87751376, 3.76
HIP 25606,82.06135971,-20.75923214, 2.81
HIP 78933,241.701802,-20.66913479, 3.93
HIP 115438,350.7429228,-20.10034505, 3.96
HIP 78820,241.3593121,-19.80539286, 2.56
HIP 31592,99.17082883,-19.25570928, 3.95
HIP 3419,10.89678452,-17.9866841, 2.04
HIP 30324,95.6749475,-17.95591658, 1.98
HIP 95168,290.4182304,-17.84725155, 3.92
HIP 25985,83.18255798,-17.82229227, 2.58
HIP 59803,183.9519494,-17.5419837, 2.58
HIP 51069,156.5229377,-16.83609584, 3.83
HIP 32349,101.2885411,-16.71314306,-1.44
HIP 106985,325.0222594,-16.66225343, 3.69
HIP 60965,187.4665965,-16.51509397, 2.94
HIP 24305,78.2328046,-16.20542901, 3.29
HIP 52943,162.405967,-16.19413208, 3.11
HIP 107556,326.759522,-16.12656595, 2.85
HIP 72622,222.7199054,-16.04161047, 2.75
HIP 8102,26.02136441,-15.93955597, 3.49
HIP 113136,343.6626635,-15.82075994, 3.27
HIP 84012,257.5944266,-15.72514757, 2.43
HIP 86263,264.3967718,-15.39840835, 3.54
HIP 27288,86.73895728,-14.82194717, 3.55
HIP 76333,233.881414,-14.78955365, 3.91
HIP 100345,305.2526935,-14.78140119, 3.05
HIP 55282,169.835511,-14.77904358, 3.56
HIP 21594,69.54529558,-14.303587, 3.86
HIP 28103,89.10132627,-14.16803805, 3.71
HIP 18543,59.50720862,-13.50824471, 2.97
HIP 100064,304.5134103,-12.54485877, 3.58
HIP 49841,152.6474879,-12.35383921, 3.61
HIP 65474,201.2983523,-11.16124491, 0.98
HIP 81377,249.2897085,-10.5671518, 2.54
HIP 8645,27.86504416,-10.33494526, 3.74
HIP 5364,17.14693197,-10.181928, 3.46
HIP 88048,269.7566566,-9.77334973, 3.32
HIP 17378,55.81231706,-9.76519868, 3.52
HIP 27366,86.93911641,-9.66960186, 2.07
HIP 37447,115.3119861,-9.55108315, 3.94
HIP 102618,311.9188857,-9.49568988, 3.78
HIP 16537,53.23509009,-9.45830584, 3.72
HIP 74785,229.2519659,-9.38286694, 2.61
HIP 13701,44.10668245,-8.89760976, 3.89
HIP 1562,4.85701265,-8.82382948, 3.56
HIP 46390,141.8968826,-8.65868335, 1.99
HIP 91117,278.8018244,-8.24330819, 3.85
HIP 24436,78.63446353,-8.20163919, 0.18
HIP 6537,21.00604671,-8.18275372, 3.60
HIP 112961,343.1536019,-7.57967878, 3.73
HIP 30867,97.20447548,-7.03305042, 3.76
HIP 24674,79.40166225,-6.84438616, 3.59
HIP 29651,93.71390194,-6.27472737, 3.99
HIP 26241,83.85825475,-5.90989984, 2.75
HIP 71957,220.7648428,-5.6574291, 3.87
HIP 106278,322.8896695,-5.57115593, 2.90
HIP 23875,76.96264146,-5.08626282, 2.78
HIP 93805,286.5622914,-4.88233456, 3.43
HIP 79882,244.5801699,-4.69260809, 3.23
HIP 41307,126.4152955,-3.90636482, 3.91
HIP 79593,243.586526,-3.69397562, 2.73
HIP 77516,237.4052738,-3.43014112, 3.54
HIP 21444,69.07975243,-3.352448, 3.93
HIP 89962,275.3288358,-2.897122, 3.23
HIP 26549,84.68652211,-2.60006791, 3.77
HIP 25281,81.11923774,-2.39713844, 3.35
HIP 26727,85.18968672,-1.94257841, 1.74
HIP 61941,190.4166756,-1.44952231, 2.74
HIP 110395,335.4137498,-1.38735315, 3.86
HIP 26311,84.05338572,-1.20191725, 1.69
HIP 47431,144.9638916,-1.14265722, 3.90
HIP 99473,302.8261033,-0.82147569, 3.24
HIP 60129,184.976631,-0.66674709, 3.89
HIP 66249,203.673978,-0.59593821, 3.38
HIP 109074,331.4459387,-0.31982656, 2.95
HIP 25930,83.00166562,-0.2990934, 2.25
HIP 110960,337.2075023,-0.02006304, 3.65
HIP 97804,298.1181826,1.00567827, 3.87
HIP 57757,177.6720255,1.76537705, 3.59
HIP 72220,221.5624659,1.8929383, 3.73
HIP 80883,247.7285051,1.98410056, 3.82
HIP 45336,138.5908053,2.31502422, 3.89
HIP 22797,73.5628985,2.44067149, 3.71
HIP 87108,266.9732252,2.70745875, 3.75
HIP 9487,30.51166929,2.76376048, 3.82
HIP 88192,270.1613147,2.93158759, 3.93
HIP 95501,291.3739694,3.11457923, 3.36
HIP 12706,40.82551897,3.23617162, 3.47
HIP 114971,349.2895568,3.28224524, 3.70
HIP 63090,193.9020137,3.39759862, 3.39
HIP 14135,45.56991279,4.08992539, 2.54
HIP 77622,237.7037134,4.4775798, 3.71
HIP 86742,265.8682371,4.56691684, 2.76
HIP 37279,114.8272419,5.22750767, 0.40
HIP 104987,318.9558198,5.2480739, 3.92
HIP 22549,72.80152507,5.60510146, 3.68
HIP 43813,133.8486869,5.9455277, 3.11
HIP 18907,60.78907003,5.98930909, 3.91
HIP 109427,332.549249,6.197789, 3.52
HIP 25336,81.28278416,6.34973451, 1.64
HIP 98036,298.8281923,6.40793334, 3.71
HIP 43109,131.6943593,6.41890691, 3.38
HIP 77070,236.0666491,6.42551971, 2.63
HIP 22449,72.45890935,6.96124744, 3.19
HIP 27989,88.79287161,7.40703634, 0.45
HIP 36188,111.7878012,8.28940893, 2.89
HIP 97649,297.6945086,8.86738491, 0.76
HIP 15900,51.20349011,9.02906504, 3.61
HIP 40526,124.128951,9.18566295, 3.53
HIP 51624,158.2028131,9.30659431, 3.84
HIP 83000,254.4177942,9.37505626, 3.19
HIP 88771,271.8375861,9.56365345, 3.71
HIP 16083,51.79217049,9.7327724, 3.73
HIP 107315,326.0464181,9.87500791, 2.38
HIP 47508,145.2879912,9.89239902, 3.52
HIP 26207,83.78449043,9.93416294, 3.39
HIP 76276,233.7007926,10.53885916, 3.80
HIP 97278,296.5648757,10.61326869, 2.72
HIP 112029,340.3653118,10.83139111, 3.41
HIP 63608,195.5448356,10.95910186, 2.85
HIP 49669,152.0935808,11.96719513, 1.36
HIP 18724,60.17008591,12.49037571, 3.41
HIP 86032,263.7333532,12.56057584, 2.08
HIP 32362,101.3226398,12.89605513, 3.35
HIP 71795,220.2871682,13.72833113, 3.78
HIP 93747,286.3525518,13.86370983, 2.99
HIP 84345,258.6619269,14.39025314, 2.78
HIP 57632,177.2661598,14.57233687, 2.14
HIP 101769,309.3869573,14.59520289, 3.64
HIP 1067,3.30895828,15.18361593, 2.83
HIP 113963,346.1900702,15.20536786, 2.49
HIP 7097,22.87080776,15.34583101, 3.62
HIP 77233,236.5467288,15.42192602, 3.65
HIP 54879,168.5601704,15.4297631, 3.33
HIP 20205,64.94805793,15.62770031, 3.65
HIP 78072,239.112476,15.66473327, 3.85
HIP 20894,67.16531219,15.8709468, 3.40
HIP 101958,309.909394,15.9120527, 3.77
HIP 20885,67.14346805,15.96221721, 3.84
HIP 31681,99.42792641,16.39941482, 1.93
HIP 21421,68.98000195,16.50976164, 0.87
HIP 35350,109.5233616,16.54047526, 3.58
HIP 49583,151.8331395,16.76266572, 3.48
HIP 20455,65.73344722,17.5425843, 3.77
HIP 42911,131.1712921,18.15486399, 3.94
HIP 67927,208.6713175,18.39858742, 2.68
HIP 97365,296.8469384,18.53425912, 3.68
HIP 80170,245.480182,19.15302185, 3.74
HIP 20889,67.15388879,19.18052092, 3.53
HIP 69673,213.918114,19.18726997,-0.05
HIP 8832,28.38235506,19.29409264, 3.88
HIP 98337,299.6891152,19.49209287, 3.51
HIP 50583,154.9923405,19.84186032, 2.01
HIP 54872,168.5267171,20.52403384, 2.56
HIP 8903,28.65978771,20.80829949, 2.64
HIP 26451,84.41118447,21.14259299, 2.97
HIP 80816,247.555257,21.4896485, 2.78
HIP 90139,275.9240282,21.77034249, 3.85
HIP 35550,110.0307889,21.98233941, 3.50
HIP 29655,93.71956952,22.50682376, 3.31
HIP 30343,95.73996302,22.51385027, 2.87
HIP 50335,154.1725181,23.4173284, 3.43
HIP 9884,31.79285757,23.46277743, 2.01
HIP 112440,341.6326766,23.56567939, 3.97
HIP 47908,146.4629267,23.77427792, 2.97
HIP 17847,57.29054669,24.05352412, 3.62
HIP 17702,56.87110065,24.10524193, 2.85
HIP 17499,56.21884811,24.1134484, 3.72
HIP 17573,56.45663804,24.36785796, 3.87
HIP 37740,116.1119524,24.39812929, 3.57
HIP 112748,342.5004181,24.60168486, 3.51
HIP 84379,258.7580174,24.83958739, 3.12
HIP 32246,100.9830409,25.13115531, 3.06
HIP 109176,331.7519773,25.3450461, 3.77
HIP 48455,148.1914903,26.00708498, 3.88
HIP 76952,235.6859927,26.29551419, 3.81
HIP 76267,233.6716229,26.71491041, 2.22
HIP 72105,221.2468787,27.07417383, 2.35
HIP 13209,42.49578911,27.26079044, 3.61
HIP 86974,266.6154955,27.72249917, 3.42
HIP 36046,111.4319837,27.79828561, 3.78
HIP 95947,292.6803553,27.9596948, 3.05
HIP 37826,116.3306826,28.02631031, 1.16
HIP 113881,345.9430558,28.08245462, 2.44
HIP 25428,81.57290804,28.60787346, 1.65
HIP 88794,271.8856282,28.76247025, 3.84
HIP 677,2.09653333,29.09082805, 2.07
HIP 75695,231.9577163,29.10549164, 3.66
HIP 87933,269.4409611,29.24792527, 3.70
HIP 8796,28.27041595,29.57939727, 3.42
HIP 112158,340.7505357,30.22130866, 2.93
HIP 104732,318.2340898,30.22708128, 3.21
HIP 71053,217.957741,30.37114497, 3.57
HIP 3092,9.83165567,30.86122579, 3.27
HIP 83207,255.0725258,30.92633926, 3.92
HIP 55203,169.5468333,31.53077778, 3.79
HIP 81693,250.3228213,31.60188695, 2.81
HIP 18246,58.53299363,31.88365776, 2.84
HIP 36850,113.650019,31.88863645, 1.58
HIP 17448,56.07969347,32.28827325, 3.84
HIP 93194,284.7359357,32.68955312, 3.25
HIP 55219,169.6198139,33.09423881, 3.49
HIP 23015,74.24840098,33.16613537, 2.69
HIP 74666,228.8754324,33.31510222, 3.46
HIP 92420,282.5199746,33.36267788, 3.52
HIP 33018,103.1972503,33.96136985, 3.60
HIP 102488,311.5518009,33.96945334, 2.48
HIP 53229,163.3276661,34.21556641, 3.79
HIP 45860,140.2644117,34.39252592, 3.14
HIP 10064,32.38550383,34.98739204, 3.00
HIP 98110,299.0766507,35.08349079, 3.89
HIP 5447,17.43248991,35.62083048, 2.07
HIP 18614,59.74124892,35.79102701, 3.98
HIP 45688,139.7111139,36.80289763, 3.82
HIP 84380,258.7618928,36.80915527, 3.16
HIP 28380,89.93015897,37.21276409, 2.65
HIP 87808,269.0632439,37.25052158, 3.86
HIP 104887,318.6972776,38.04432043, 3.74
HIP 71075,218.0198242,38.30788348, 3.04
HIP 63125,194.0076705,38.31824617, 2.89
HIP 4436,14.18790699,38.49925513, 3.86
HIP 91262,279.2341083,38.78299311, 0.03
HIP 14354,46.29373754,38.84053298, 3.32
HIP 81833,250.7239107,38.92246103, 3.48
HIP 27673,87.87246934,39.14847936, 3.97
HIP 18532,59.46342138,40.01027315, 2.90
HIP 100453,305.5570835,40.2566815, 2.23
HIP 73555,225.486638,40.39063671, 3.49
HIP 14576,47.04220716,40.9556512, 2.09
HIP 23453,75.61950025,41.07588953, 3.69
HIP 103413,314.2933818,41.16719384, 3.94
HIP 23767,76.62862102,41.23464074, 3.18
HIP 50801,155.5825136,41.4994335, 3.06
HIP 44248,135.1614677,41.78344401, 3.96
HIP 113726,345.4801938,42.32597866, 3.62
HIP 9640,30.97466283,42.32984832, 2.10
HIP 17529,56.29851422,42.57854437, 3.77
HIP 50372,154.2746956,42.91446855, 3.45
HIP 23416,75.49222507,43.82331397, 3.03
HIP 104060,316.2327325,43.92785122, 3.72
HIP 54539,167.4160809,44.49855337, 3.00
HIP 14668,47.37345463,44.85788896, 3.79
HIP 28360,89.88237261,44.94743492, 1.90
HIP 97165,296.2435088,45.13069195, 2.86
HIP 102098,310.3579727,45.28033423, 1.25
HIP 106481,323.4953036,45.59206564, 3.98
HIP 24608,79.17206517,45.99902927, 0.08
HIP 86414,264.8662185,46.00632216, 3.82
HIP 79992,244.9351996,46.31327084, 3.91
HIP 116584,354.3904487,46.45917621, 3.81
HIP 99675,303.4079278,46.74132417, 3.80
HIP 44471,135.9064949,47.15665934, 3.57
HIP 19343,62.16530527,47.71259359, 3.96
HIP 99848,303.8679927,47.7142053, 3.96
HIP 57399,176.5130589,47.77933701, 3.69
HIP 17358,55.7311754,47.7876533, 3.01
HIP 44127,134.8034948,48.04234956, 3.12
HIP 7607,24.49792651,48.62848641, 3.59
HIP 67301,206.8856088,49.31330288, 1.85
HIP 15863,51.08061889,49.86124281, 1.79
HIP 111169,337.822399,50.28244976, 3.76
HIP 87833,269.1515744,51.48895101, 2.24
HIP 46853,143.2180219,51.67860208, 3.17
HIP 95853,292.4264139,51.72946747, 3.76
HIP 85670,262.6082371,52.30135901, 2.79
HIP 13531,43.564427,52.76248991, 3.93
HIP 94779,289.2754579,53.36816064, 3.80
HIP 14328,46.19912598,53.50645031, 2.91
HIP 58001,178.4572554,53.69473296, 2.41
HIP 2920,9.24277921,53.89693161, 3.69
HIP 28358,89.88145972,54.28498197, 3.72
HIP 65378,200.980916,54.92541525, 2.23
HIP 65477,201.3058983,54.98799884, 3.99
HIP 13268,42.67413655,55.89552955, 3.77
HIP 62956,193.5068041,55.95984301, 1.76
HIP 53910,165.4599615,56.38234478, 2.34
HIP 3179,10.12661349,56.53740928, 2.24
HIP 87585,268.3817896,56.87245216, 3.73
HIP 59774,183.856038,57.03259792, 3.32
HIP 3821,12.27125262,57.8165477, 3.46
HIP 109492,332.7135913,58.20124992, 3.39
HIP 75458,231.2324337,58.96602354, 3.29
HIP 48319,147.7487154,59.03910437, 3.78
HIP 746,2.29204036,59.15021814, 2.28
HIP 6686,21.45251267,60.23540347, 2.66
HIP 4427,14.17708808,60.71674966, 2.15
HIP 41704,127.5667923,60.7184311, 3.35
HIP 80331,245.9979452,61.51407536, 2.73
HIP 54061,165.9326537,61.75111888, 1.81
HIP 102422,311.3219526,61.83679404, 3.41
HIP 105199,319.6440898,62.58545529, 2.45
HIP 46733,142.8815403,63.06179545, 3.65
HIP 8886,28.59868107,63.67014686, 3.35
HIP 68756,211.0976084,64.37580873, 3.67
HIP 83895,257.1967711,65.71463676, 3.17
HIP 112724,342.4204674,66.20071089, 3.50
HIP 94376,288.1381458,67.66131695, 3.07
HIP 56211,172.851202,69.33112161, 3.82
HIP 61281,188.3710104,69.78820992, 3.85
HIP 97433,297.0425566,70.26783533, 3.84
HIP 106032,322.164896,70.56069481, 3.23
HIP 75097,230.1822884,71.83397308, 3.00
HIP 9598,30.85912643,72.42123962, 3.95
HIP 89937,275.2597457,72.73369763, 3.55
HIP 72607,222.6766475,74.15547596, 2.07
HIP 116727,354.8374252,77.63196681, 3.21
HIP 11767,37.94614689,89.26413805, 1.97